Rating,Min Score,Max Score,Mid Score,PD Score
1,848,895,872.906,0.00133
2,820,863,853.745,0.00231
3,790,834,820.069,0.00583
4,761,805,794.838,0.01168
5,732,776,760.303,0.02992
6,704,747,731.256,0.06422
7,674,718,703.983,0.12754
8,647,689,675.791,0.2409
9,617,660,647.531,0.40782
10,602,631,622.464,0.57793
